220X71,220X75,220X151,310X56
20170614.0,20170614.0,,20170617.0
20170614.0,20170614.0,,20170617.0
20170614.0,20170614.0,,20170616.0
20170614.0,20170614.0,,20170616.0
20170616.0,20170616.0,,20170617.0
20170616.0,20170616.0,,20170617.0
20170622.0,20170622.0,,20170624.0
20170622.0,20170622.0,,20170624.0
20170622.0,20170622.0,,20170624.0
20170622.0,20170622.0,,20170624.0
20170622.0,20170622.0,,20170624.0
20170622.0,20170622.0,,20170624.0
20170622.0,20170622.0,,20170624.0
20170622.0,20170622.0,,20170624.0
20170613.0,20170613.0,,20170616.0
20170613.0,20170613.0,,20170616.0
20170614.0,20170614.0,,20170616.0
20170614.0,20170614.0,,20170616.0
20170614.0,20170614.0,,20170616.0
20170614.0,20170614.0,,20170616.0
20170614.0,20170614.0,,20170616.0
20170614.0,20170614.0,,20170616.0
20170613.0,20170613.0,,20170616.0
20170614.0,20170614.0,,20170616.0
20170614.0,20170614.0,,20170616.0
20170614.0,20170614.0,,20170616.0
20170614.0,20170614.0,,20170616.0
20170614.0,20170614.0,,20170616.0
20170614.0,20170614.0,,20170616.0
20170614.0,20170614.0,,20170616.0
20170614.0,20170614.0,,20170616.0
20170614.0,20170614.0,,20170616.0
20170614.0,20170614.0,,20170616.0
20170622.0,20170622.0,,20170626.0
20170622.0,20170622.0,,20170626.0
20170622.0,20170622.0,,20170626.0
20170622.0,20170622.0,,20170626.0
20170622.0,20170622.0,,20170626.0
20170622.0,20170622.0,,20170626.0
20170622.0,20170622.0,,20170626.0
20170622.0,20170622.0,,20170626.0
20170622.0,20170622.0,,20170626.0
20170622.0,20170622.0,,20170626.0
20170622.0,20170622.0,,20170626.0
20170622.0,20170622.0,,20170626.0
20170622.0,20170622.0,,20170626.0
20170622.0,20170622.0,,20170626.0
20170622.0,20170622.0,,20170626.0
20170622.0,20170622.0,,20170626.0
20170622.0,20170622.0,,20170626.0
20170622.0,20170622.0,,20170626.0
20170622.0,20170622.0,,20170626.0
20170622.0,20170622.0,,20170626.0
20170622.0,20170622.0,,20170626.0
20170622.0,20170622.0,,20170626.0
20170622.0,20170622.0,,20170626.0
20170622.0,20170622.0,,20170626.0
20170622.0,20170622.0,,20170626.0
20170622.0,20170622.0,,20170626.0
20170616.0,20170616.0,,20170618.0
20170616.0,20170616.0,,20170618.0
20170616.0,20170616.0,,20170618.0
20170616.0,20170616.0,,20170618.0
20170614.0,20170614.0,,20170617.0
20170614.0,20170614.0,,20170617.0
20170614.0,20170614.0,,20170617.0
20170614.0,20170614.0,,20170617.0
20170614.0,20170614.0,,20170617.0
20170614.0,20170614.0,,20170617.0
20170614.0,20170614.0,,20170617.0
20170614.0,20170614.0,,20170617.0
20170616.0,20170616.0,,20170617.0
20170616.0,20170616.0,,20170617.0
20170616.0,20170616.0,,20170617.0
20170620.0,20170620.0,,20170621.0
20170620.0,20170620.0,,20170621.0
20170620.0,20170620.0,,20170621.0
20170620.0,20170620.0,,20170621.0
20170620.0,20170620.0,,20170621.0
20170620.0,20170620.0,,20170621.0
20170620.0,20170620.0,,20170621.0
20170620.0,20170620.0,,20170621.0
20170620.0,20170620.0,,20170621.0
20170620.0,20170620.0,,20170621.0
20170620.0,20170620.0,,20170621.0
20170620.0,20170620.0,,20170621.0
20170620.0,20170620.0,,20170621.0
20170616.0,20170616.0,,20170619.0
20170622.0,20170622.0,,20170624.0
20170622.0,20170622.0,,20170624.0
20170622.0,20170622.0,,20170624.0
20170622.0,20170622.0,,20170624.0
20170622.0,20170622.0,,20170624.0
20170622.0,20170622.0,,20170624.0
20170622.0,20170622.0,,20170624.0
20170622.0,20170622.0,,20170624.0
20170622.0,20170622.0,,20170624.0
20170620.0,20170620.0,,20170624.0
20170620.0,20170620.0,,20170624.0
20170620.0,20170620.0,,20170624.0
20170620.0,20170620.0,,20170624.0
20170620.0,20170620.0,,20170624.0
20170620.0,20170620.0,,20170624.0
20170622.0,20170622.0,,20170624.0
20170622.0,20170622.0,,20170624.0
20170620.0,20170620.0,,20170624.0
20170618.0,20170618.0,,20170620.0
20170618.0,20170618.0,,20170620.0
20170618.0,20170618.0,,20170620.0
20170614.0,20170614.0,,20170617.0
20170614.0,20170614.0,,20170617.0
20170614.0,20170614.0,,20170617.0
20170624.0,20170624.0,,20170626.0
20170624.0,20170624.0,,20170626.0
20170624.0,20170624.0,,20170626.0
20170624.0,20170624.0,,20170626.0
20170624.0,20170624.0,,20170626.0
20170617.0,20170617.0,,20170619.0
20170617.0,20170617.0,,20170619.0
20170617.0,20170617.0,,20170619.0
20170617.0,20170617.0,,20170618.0
20170617.0,20170617.0,,20170618.0
20170617.0,20170617.0,,20170618.0
20170617.0,20170617.0,,20170620.0
20170617.0,20170617.0,,20170620.0
20170617.0,20170617.0,,20170620.0
20170621.0,20170621.0,,20170625.0
20170621.0,20170621.0,,20170625.0
20170621.0,20170621.0,,20170625.0
20170617.0,20170617.0,,20170620.0
20170617.0,20170617.0,,20170620.0
20170617.0,20170617.0,,20170620.0
20170621.0,20170621.0,,20170625.0
20170617.0,20170617.0,,20170620.0
20170617.0,20170617.0,,20170620.0
20170619.0,20170619.0,,20170621.0
20170619.0,20170619.0,,20170621.0
20170619.0,20170619.0,,20170621.0
20170619.0,20170619.0,,20170621.0
20170619.0,20170619.0,,20170621.0
20170619.0,20170619.0,,20170621.0
20170619.0,20170619.0,,20170621.0
20170619.0,20170619.0,,20170621.0
20170619.0,20170619.0,,20170621.0
20170617.0,20170617.0,,20170620.0
20170617.0,20170617.0,,20170620.0
20170619.0,20170619.0,,20170621.0
20170619.0,20170619.0,,20170621.0
20170619.0,20170619.0,,20170624.0
20170619.0,20170619.0,,20170624.0
20170619.0,20170619.0,,20170621.0
20170619.0,20170619.0,,20170621.0
20170619.0,20170619.0,,20170621.0
20170619.0,20170619.0,,20170621.0
20170619.0,20170619.0,,20170620.0
20170619.0,20170619.0,,20170620.0
20170619.0,20170619.0,,20170620.0
20170619.0,20170619.0,,20170620.0
20170618.0,20170618.0,,20170620.0
20170618.0,20170618.0,,20170620.0
20170620.0,20170620.0,,20170624.0
20170620.0,20170620.0,,20170624.0
20170620.0,20170620.0,,20170624.0
20170620.0,20170620.0,,20170624.0
20170620.0,20170620.0,,20170624.0
20170620.0,20170620.0,,20170624.0
20170618.0,20170618.0,,20170620.0
20170618.0,20170618.0,,20170620.0
20170618.0,20170618.0,,20170621.0
20170620.0,20170620.0,,20170625.0
20170620.0,20170620.0,,20170625.0
20170620.0,20170620.0,,20170625.0
20170620.0,20170620.0,,20170625.0
20170620.0,20170620.0,,20170625.0
20170620.0,20170620.0,,20170625.0
20170620.0,20170620.0,,20170625.0
20170620.0,20170620.0,,20170624.0
20170620.0,20170620.0,,20170624.0
20170620.0,20170620.0,,20170624.0
20170620.0,20170620.0,,20170624.0
20170620.0,20170620.0,,20170624.0
20170620.0,20170620.0,,20170624.0
20170620.0,20170620.0,,20170624.0
20170620.0,20170620.0,,20170624.0
20170620.0,20170620.0,,20170624.0
20170620.0,20170620.0,,20170621.0
20170620.0,20170620.0,,20170621.0
20170620.0,20170620.0,,20170621.0
20170620.0,20170620.0,,20170621.0
20170620.0,20170620.0,,20170624.0
20170620.0,20170620.0,,20170624.0
20170620.0,20170620.0,,20170624.0
20170620.0,20170620.0,,20170624.0
20170620.0,20170620.0,,20170624.0
20170620.0,20170620.0,,20170624.0
20170620.0,20170620.0,,20170624.0
20170620.0,20170620.0,,20170624.0
20170620.0,20170620.0,,20170624.0
20170621.0,20170621.0,,20170624.0
20170621.0,20170621.0,,20170624.0
20170621.0,20170621.0,,20170624.0
20170622.0,20170622.0,,20170627.0
20170622.0,20170622.0,,20170627.0
20170622.0,20170622.0,,20170627.0
20170622.0,20170622.0,,20170627.0
20170622.0,20170622.0,,20170627.0
20170622.0,20170622.0,,20170627.0
20170622.0,20170622.0,,20170627.0
20170622.0,20170622.0,,20170627.0
20170620.0,20170620.0,,20170626.0
20170620.0,20170620.0,,20170625.0
20170620.0,20170620.0,,20170625.0
20170620.0,20170620.0,,20170625.0
20170622.0,20170622.0,,20170624.0
20170622.0,20170622.0,,20170624.0
20170622.0,20170622.0,,20170624.0
20170622.0,20170622.0,,20170624.0
20170622.0,20170622.0,,20170624.0
20170622.0,20170622.0,,20170624.0
20170620.0,20170620.0,,20170624.0
20170626.0,20170626.0,,20170630.0
20170626.0,20170626.0,,20170630.0
20170620.0,20170620.0,,20170623.0
20170620.0,20170620.0,,20170623.0
20170620.0,20170620.0,,20170623.0
20170620.0,20170620.0,,20170623.0
20170620.0,20170620.0,,20170623.0
20170620.0,20170620.0,,20170623.0
20170624.0,20170624.0,,20170626.0
20170624.0,20170624.0,,20170626.0
20170624.0,20170624.0,,20170626.0
20170620.0,20170620.0,,20170626.0
20170620.0,20170620.0,,20170626.0
20170620.0,20170620.0,,20170626.0
20170622.0,20170622.0,,20170624.0
20170622.0,20170622.0,,20170624.0
20170620.0,20170620.0,,20170625.0
20170620.0,20170620.0,,20170625.0
20170620.0,20170620.0,,20170625.0
20170626.0,20170626.0,,20170630.0
20170626.0,20170626.0,,20170630.0
20170626.0,20170626.0,,20170630.0
20170623.0,20170623.0,,20170626.0
20170623.0,20170623.0,,20170626.0
20170623.0,20170623.0,,20170626.0
20170623.0,20170623.0,,20170626.0
20170623.0,20170623.0,,20170626.0
20170623.0,20170623.0,,20170626.0
20170623.0,20170623.0,,20170626.0
20170624.0,20170624.0,,20170627.0
20170624.0,20170624.0,,20170627.0
20170624.0,20170624.0,,20170627.0
20170624.0,20170624.0,,20170627.0
20170624.0,20170624.0,,20170627.0
20170624.0,20170624.0,,20170627.0
20170624.0,20170624.0,,20170627.0
20170624.0,20170624.0,,20170627.0
20170621.0,20170621.0,,20170624.0
20170621.0,20170621.0,,20170624.0
20170621.0,20170621.0,,20170624.0
20170624.0,20170624.0,,20170626.0
20170624.0,20170624.0,,20170626.0
20170624.0,20170624.0,,20170626.0
20170624.0,20170624.0,,20170626.0
20170624.0,20170624.0,,20170626.0
20170624.0,20170624.0,,20170626.0
20170625.0,20170625.0,,20170628.0
20170625.0,20170625.0,,20170628.0
20170625.0,20170625.0,,20170628.0
20170625.0,20170625.0,,20170628.0
20170621.0,20170621.0,,20170626.0
20170621.0,20170621.0,,20170626.0
20170621.0,20170621.0,,20170626.0
20170621.0,20170621.0,,20170626.0
20170621.0,20170621.0,,20170626.0
20170621.0,20170621.0,,20170626.0
20170621.0,20170621.0,,20170626.0
20170621.0,20170621.0,,20170626.0
20170621.0,20170621.0,,20170626.0
20170621.0,20170621.0,,20170626.0
20170627.0,20170627.0,,20170630.0
20170621.0,20170621.0,,20170625.0
20170624.0,20170624.0,,20170626.0
20170623.0,20170623.0,,20170625.0
20170623.0,20170623.0,,20170625.0
20170623.0,20170623.0,,20170625.0
20170623.0,20170623.0,,20170625.0
20170622.0,20170622.0,,20170625.0
20170621.0,20170621.0,,20170625.0
20170621.0,20170621.0,,20170625.0
20170621.0,20170621.0,,20170625.0
20170624.0,20170624.0,,20170630.0
20170624.0,20170624.0,,20170630.0
20170625.0,20170625.0,,20170630.0
20170625.0,20170625.0,,20170630.0
20170625.0,20170625.0,,20170630.0
20170625.0,20170625.0,,20170630.0
20170625.0,20170625.0,,20170630.0
20170625.0,20170625.0,,20170630.0
20170622.0,20170622.0,,20170625.0
20170622.0,20170622.0,,20170625.0
20170622.0,20170622.0,,20170625.0
20170622.0,20170622.0,,20170625.0
20170625.0,20170625.0,,20170627.0
20170625.0,20170625.0,,20170627.0
20170625.0,20170625.0,,20170627.0
20170625.0,20170625.0,,20170627.0
20170626.0,20170626.0,,20170628.0
20170626.0,20170626.0,,20170628.0
20170626.0,20170626.0,,20170628.0
20170626.0,20170626.0,,20170628.0
20170625.0,20170625.0,,20170626.0
20170625.0,20170625.0,,20170626.0
20170625.0,20170625.0,,20170626.0
20170622.0,20170622.0,,20170626.0
20170622.0,20170622.0,,20170626.0
20170622.0,20170622.0,,20170626.0
20170622.0,20170622.0,,20170626.0
20170622.0,20170622.0,,20170626.0
20170622.0,20170622.0,,20170626.0
20170625.0,20170625.0,,20170626.0
20170625.0,20170625.0,,20170626.0
20170625.0,20170625.0,,20170626.0
20170625.0,20170625.0,,20170703.0
20170625.0,20170625.0,,20170703.0
20170625.0,20170625.0,,20170703.0
20170625.0,20170625.0,,20170627.0
20170625.0,20170625.0,,20170627.0
20170625.0,20170625.0,,20170627.0
20170625.0,20170625.0,,20170627.0
20170625.0,20170625.0,,20170627.0
,20170625.0,,20170627.0
20170625.0,20170625.0,,20170627.0
20170627.0,20170627.0,,20170629.0
20170627.0,20170627.0,,20170629.0
20170627.0,20170627.0,,20170629.0
20170627.0,20170627.0,,20170629.0
20170627.0,20170627.0,,20170629.0
20170627.0,20170627.0,,20170629.0
20170625.0,20170625.0,,20170627.0
20170625.0,20170625.0,,20170627.0
20170625.0,20170625.0,,20170627.0
20170627.0,20170627.0,,20170704.0
20170627.0,20170627.0,,20170704.0
20170627.0,20170627.0,,20170704.0
20170627.0,20170627.0,,20170704.0
20170627.0,20170627.0,,20170704.0
20170627.0,20170627.0,,20170704.0
20170627.0,20170627.0,,20170704.0
20170627.0,20170627.0,,20170704.0
20170627.0,20170627.0,,20170704.0
20170626.0,20170626.0,,20170627.0
20170626.0,20170626.0,,20170627.0
20170626.0,20170626.0,,20170627.0
20170626.0,20170626.0,,20170627.0
20170626.0,20170626.0,,20170627.0
20170626.0,20170626.0,,20170627.0
20170626.0,20170626.0,,20170627.0
20170626.0,20170626.0,,20170627.0
20170628.0,20170628.0,,20170630.0
20170628.0,20170628.0,,20170630.0
20170628.0,20170628.0,,20170630.0
20170625.0,20170625.0,,20170628.0
20170625.0,20170625.0,,20170628.0
20170625.0,20170625.0,,20170628.0
20170625.0,20170625.0,,20170628.0
20170625.0,20170625.0,,20170628.0
20170625.0,20170625.0,,20170628.0
20170626.0,20170626.0,,20170628.0
20170626.0,20170626.0,,20170628.0
20170626.0,20170626.0,,20170628.0
20170626.0,20170626.0,,20170628.0
20170626.0,20170626.0,,20170628.0
20170626.0,20170626.0,,20170628.0
20170626.0,20170626.0,,20170628.0
20170626.0,20170626.0,,20170628.0
20170626.0,20170626.0,,20170628.0
20170626.0,20170626.0,,20170628.0
20170626.0,20170626.0,,20170628.0
20170626.0,20170626.0,,20170628.0
20170626.0,20170626.0,,20170628.0
20170626.0,20170626.0,,20170628.0
20170626.0,20170626.0,,20170628.0
20170626.0,20170626.0,,20170628.0
20170626.0,20170626.0,,20170628.0
20170626.0,20170626.0,,20170628.0
20170628.0,20170628.0,,20170629.0
20170628.0,20170628.0,,20170629.0
20170628.0,20170628.0,,20170629.0
20170627.0,20170627.0,,20170630.0
20170626.0,20170626.0,,20170629.0
20170626.0,20170626.0,,20170629.0
20170626.0,20170626.0,,20170629.0
20170626.0,20170626.0,,20170627.0
20170626.0,20170626.0,,20170628.0
20170626.0,20170626.0,,20170628.0
20170626.0,20170626.0,,20170628.0
20170626.0,20170626.0,,20170628.0
20170626.0,20170626.0,,20170628.0
20170626.0,20170626.0,,20170628.0
20170626.0,20170626.0,,20170628.0
20170626.0,20170626.0,,20170628.0
20170626.0,20170626.0,,20170628.0
20170626.0,20170626.0,,20170629.0
20170626.0,20170626.0,,20170629.0
20170626.0,20170626.0,,20170630.0
20170626.0,20170626.0,,20170630.0
20170626.0,20170626.0,,20170630.0
20170626.0,20170626.0,,20170630.0
20170701.0,20170701.0,,20170702.0
20170701.0,20170701.0,,20170702.0
20170701.0,20170701.0,,20170702.0
20170701.0,20170701.0,,20170703.0
20170701.0,20170701.0,,20170703.0
20170701.0,20170701.0,,20170703.0
20170701.0,20170701.0,,20170703.0
20170701.0,20170701.0,,20170703.0
20170701.0,20170701.0,,20170702.0
20170701.0,20170701.0,,20170702.0
20170701.0,20170701.0,,20170702.0
20170701.0,20170701.0,,20170702.0
20170628.0,20170628.0,,20170630.0
20170628.0,20170628.0,,20170630.0
20170628.0,20170628.0,,20170630.0
20170630.0,20170630.0,,20170702.0
20170630.0,20170630.0,,20170702.0
20170630.0,20170630.0,,20170702.0
20170630.0,20170630.0,,20170702.0
20170630.0,20170630.0,,20170702.0
20170630.0,20170630.0,,20170702.0
20170630.0,20170630.0,,20170702.0
20170630.0,20170630.0,,20170702.0
20170630.0,20170630.0,,20170702.0
20170630.0,20170630.0,,20170702.0
20170630.0,20170630.0,,20170702.0
20170630.0,20170630.0,,20170702.0
20170628.0,20170628.0,,20170701.0
20170628.0,20170628.0,,20170701.0
20170628.0,20170628.0,,20170701.0
20170628.0,20170628.0,,20170701.0
20170628.0,20170628.0,,20170701.0
20170628.0,20170628.0,,20170701.0
20170628.0,20170628.0,,20170630.0
20170628.0,20170628.0,,20170630.0
20170628.0,20170628.0,,20170701.0
20170628.0,20170628.0,,20170701.0
20170628.0,20170628.0,,20170701.0
20170628.0,20170628.0,,20170701.0
20170628.0,20170628.0,,20170701.0
20170628.0,20170628.0,,20170630.0
20170627.0,20170627.0,,20170628.0
20170627.0,20170627.0,,20170628.0
20170627.0,20170627.0,,20170628.0
20170627.0,20170627.0,,20170628.0
20170627.0,20170627.0,,20170628.0
20170627.0,20170627.0,,20170628.0
20170627.0,20170627.0,,20170628.0
20170627.0,20170627.0,,20170628.0
20170703.0,20170703.0,,20170705.0
20170703.0,20170703.0,,20170705.0
20170703.0,20170703.0,,20170705.0
20170703.0,20170703.0,,20170705.0
20170703.0,20170703.0,,20170705.0
20170703.0,20170703.0,,20170705.0
20170704.0,20170704.0,,20170707.0
20170704.0,20170704.0,,20170707.0
20170704.0,20170704.0,,20170707.0
20170627.0,20170627.0,,20170701.0
20170627.0,20170627.0,,20170701.0
20170627.0,20170627.0,,20170701.0
20170627.0,20170627.0,,20170701.0
20170627.0,20170627.0,,20170701.0
20170627.0,20170627.0,,20170701.0
20170630.0,20170630.0,,20170706.0
20170630.0,20170630.0,,20170706.0
20170630.0,20170630.0,,20170706.0
20170630.0,20170630.0,,20170706.0
20170630.0,20170630.0,,20170706.0
20170701.0,20170701.0,,20170703.0
20170701.0,20170701.0,,20170703.0
20170701.0,20170701.0,,20170703.0
20170701.0,20170701.0,,20170703.0
20170629.0,20170629.0,,20170701.0
20170629.0,20170629.0,,20170701.0
20170629.0,20170629.0,,20170701.0
20170704.0,20170704.0,,20170708.0
20170704.0,20170704.0,,20170708.0
20170704.0,20170704.0,,20170708.0
20170704.0,20170704.0,,20170708.0
20170704.0,20170704.0,,20170708.0
20170704.0,20170704.0,,20170708.0
20170704.0,20170704.0,,20170708.0
20170704.0,20170704.0,,20170708.0
20170630.0,20170630.0,,20170701.0
20170630.0,20170630.0,,20170701.0
20170630.0,20170630.0,,20170701.0
20170630.0,20170630.0,,20170707.0
20170630.0,20170630.0,,20170707.0
20170630.0,20170630.0,,20170707.0
20170630.0,20170630.0,,20170707.0
20170630.0,20170630.0,,20170707.0
20170630.0,20170630.0,,20170707.0
20170630.0,20170630.0,,20170707.0
20170630.0,20170630.0,,20170707.0
20170630.0,20170630.0,,20170707.0
20170629.0,20170629.0,,20170701.0
20170629.0,20170629.0,,20170701.0
20170629.0,20170629.0,,20170701.0
20170629.0,20170629.0,,20170701.0
20170629.0,20170629.0,,20170701.0
20170629.0,20170629.0,,20170701.0
20170629.0,20170629.0,,20170701.0
20170629.0,20170629.0,,20170701.0
20170629.0,20170629.0,,20170701.0
20170701.0,20170701.0,,20170702.0
20170701.0,20170701.0,,20170702.0
20170626.0,20170626.0,,20170701.0
20170626.0,20170626.0,,20170701.0
20170626.0,20170626.0,,20170701.0
20170626.0,20170626.0,,20170701.0
20170626.0,20170626.0,,20170701.0
20170626.0,20170626.0,,20170701.0
20170626.0,20170626.0,,20170701.0
20170626.0,20170626.0,,20170701.0
20170629.0,20170629.0,,20170701.0
20170629.0,20170629.0,,20170701.0
20170629.0,20170629.0,,20170701.0
20170701.0,20170701.0,,20170704.0
20170701.0,20170701.0,,20170704.0
20170701.0,20170701.0,,20170704.0
20170701.0,20170701.0,,20170704.0
20170701.0,20170701.0,,20170704.0
20170701.0,20170701.0,,20170704.0
20170701.0,20170701.0,,20170704.0
20170701.0,20170701.0,,20170704.0
20170701.0,20170701.0,,20170704.0
20170701.0,20170701.0,,20170704.0
20170701.0,20170701.0,,20170704.0
20170701.0,20170701.0,,20170704.0
20170701.0,20170701.0,,20170702.0
20170701.0,20170701.0,,20170702.0
20170701.0,20170701.0,,20170702.0
20170701.0,20170701.0,,20170702.0
20170701.0,20170701.0,,20170702.0
20170701.0,20170701.0,,20170702.0
20170629.0,20170629.0,,20170702.0
20170629.0,20170629.0,,20170702.0
20170629.0,20170629.0,,20170702.0
20170701.0,20170701.0,,20170702.0
20170701.0,20170701.0,,20170702.0
20170701.0,20170701.0,,20170702.0
20170629.0,20170629.0,,20170702.0
20170629.0,20170629.0,,20170702.0
20170629.0,20170629.0,,20170702.0
20170629.0,20170629.0,,20170702.0
20170629.0,20170629.0,,20170702.0
20170629.0,20170629.0,,20170702.0
20170702.0,20170702.0,,20170703.0
20170702.0,20170702.0,,20170703.0
20170702.0,20170702.0,,20170703.0
20170702.0,20170702.0,,20170707.0
20170702.0,20170702.0,,20170707.0
20170702.0,20170702.0,,20170707.0
20170702.0,20170702.0,,20170707.0
20170702.0,20170702.0,,20170707.0
20170701.0,20170701.0,,20170704.0
20170703.0,20170703.0,,20170704.0
20170703.0,20170703.0,,20170704.0
20170703.0,20170703.0,,20170704.0
20170703.0,20170703.0,,20170704.0
20170703.0,20170703.0,,20170704.0
20170703.0,20170703.0,,20170704.0
20170702.0,20170702.0,,20170703.0
20170702.0,20170702.0,,20170703.0
20170702.0,20170702.0,,20170703.0
20170702.0,20170702.0,,20170703.0
20170702.0,20170702.0,,20170703.0
20170702.0,20170702.0,,20170704.0
20170702.0,20170702.0,,20170704.0
20170702.0,20170702.0,,20170704.0
20170702.0,20170702.0,,20170704.0
20170702.0,20170702.0,,20170704.0
20170702.0,20170702.0,,20170704.0
20170705.0,20170705.0,,20170706.0
20170706.0,20170706.0,,20170708.0
20170706.0,20170706.0,,20170708.0
20170706.0,20170706.0,,20170708.0
20170703.0,20170703.0,,20170707.0
20170703.0,20170703.0,,20170707.0
20170703.0,20170703.0,,20170707.0
20170702.0,20170702.0,,20170703.0
20170702.0,20170702.0,,20170703.0
20170704.0,20170704.0,,20170706.0
20170704.0,20170704.0,,20170706.0
20170704.0,20170704.0,,20170706.0
20170702.0,20170702.0,20170702.0,20170705.0
20170703.0,20170703.0,,20170705.0
20170703.0,20170703.0,,20170705.0
20170702.0,20170702.0,,20170705.0
20170703.0,20170703.0,,20170705.0
20170703.0,20170703.0,,20170705.0
20170703.0,20170703.0,,20170705.0
20170703.0,20170703.0,,20170705.0
20170702.0,20170702.0,,20170706.0
20170702.0,20170702.0,,20170706.0
20170702.0,20170702.0,,20170706.0
20170702.0,20170702.0,,20170706.0
20170702.0,20170702.0,,20170706.0
20170702.0,20170702.0,,20170706.0
20170705.0,20170705.0,,20170706.0
20170705.0,20170705.0,,20170706.0
20170705.0,20170705.0,,20170707.0
20170705.0,20170705.0,,20170707.0
20170705.0,20170705.0,,20170707.0
20170705.0,20170705.0,,20170707.0
20170703.0,20170703.0,,20170704.0
20170703.0,20170703.0,,20170704.0
20170703.0,20170703.0,,20170704.0
20170703.0,20170703.0,,20170704.0
20170703.0,20170703.0,,20170704.0
20170703.0,20170703.0,,20170704.0
20170703.0,20170703.0,,20170704.0
20170703.0,20170703.0,,20170704.0
20170703.0,20170703.0,,20170704.0
20170705.0,20170705.0,,20170707.0
20170705.0,20170705.0,,20170707.0
20170705.0,20170705.0,,20170707.0
20170703.0,20170703.0,,20170706.0
20170703.0,20170703.0,,20170706.0
20170703.0,20170703.0,,20170706.0
20170705.0,20170705.0,,20170707.0
20170705.0,20170705.0,,20170707.0
20170702.0,20170702.0,,20170703.0
20170702.0,20170702.0,,20170703.0
20170702.0,20170702.0,,20170703.0
20170702.0,20170702.0,,20170703.0
20170703.0,20170703.0,,20170704.0
20170703.0,20170703.0,,20170704.0
20170703.0,20170703.0,,20170704.0
20170703.0,20170703.0,,20170704.0
20170703.0,20170703.0,,20170704.0
20170703.0,20170703.0,,20170704.0
20170703.0,20170703.0,,20170704.0
20170703.0,20170703.0,,20170704.0
20170703.0,20170703.0,,20170704.0
20170703.0,20170703.0,,20170704.0
20170707.0,20170707.0,,20170708.0
20170707.0,20170707.0,,20170708.0
20170707.0,20170707.0,,20170708.0
20170707.0,20170707.0,,20170708.0
20170707.0,20170707.0,,20170708.0
20170707.0,20170707.0,,20170708.0
20170707.0,20170707.0,,20170708.0
20170707.0,20170707.0,,20170708.0
20170704.0,20170704.0,,20170707.0
20170704.0,20170704.0,,20170707.0
20170704.0,20170704.0,,20170707.0
20170704.0,20170704.0,,20170707.0
20170703.0,20170703.0,,20170706.0
20170703.0,20170703.0,,20170706.0
20170703.0,20170703.0,,20170706.0
20170705.0,20170705.0,,20170708.0
20170705.0,20170705.0,,20170708.0
20170705.0,20170705.0,,20170708.0
20170705.0,20170705.0,,20170708.0
20170705.0,20170705.0,,20170708.0
20170705.0,20170705.0,,20170708.0
20170707.0,20170707.0,,20170709.0
20170707.0,20170707.0,,20170709.0
20170707.0,20170707.0,,20170709.0
20170707.0,20170707.0,,20170709.0
20170707.0,20170707.0,,20170709.0
20170707.0,20170707.0,,20170709.0
20170705.0,20170705.0,,20170708.0
20170705.0,20170705.0,,20170708.0
20170705.0,20170705.0,,20170708.0
20170705.0,20170705.0,,20170708.0
20170707.0,20170707.0,,20170709.0
20170707.0,20170707.0,,20170709.0
20170707.0,20170707.0,,20170709.0
20170707.0,20170707.0,,20170709.0
20170707.0,20170707.0,,20170709.0
20170707.0,20170707.0,,20170709.0
20170705.0,20170705.0,,20170708.0
20170705.0,20170705.0,,20170708.0
20170705.0,20170705.0,,20170708.0
20170705.0,20170705.0,,20170708.0
20170705.0,20170705.0,,20170707.0
20170705.0,20170705.0,,20170707.0
20170705.0,20170705.0,,20170707.0
20170705.0,20170705.0,,20170707.0
20170705.0,20170705.0,,20170707.0
20170705.0,20170705.0,,20170708.0
20170705.0,20170705.0,,20170708.0
20170705.0,20170705.0,,20170708.0
20170705.0,20170705.0,,20170707.0
20170705.0,20170705.0,,20170707.0
20170705.0,20170705.0,,20170707.0
20170706.0,20170706.0,,20170708.0
20170706.0,20170706.0,,20170708.0
20170706.0,20170706.0,,20170708.0
20170706.0,20170706.0,,20170708.0
20170707.0,20170707.0,,20170711.0
20170705.0,20170705.0,,20170707.0
20170705.0,20170705.0,,20170707.0
20170707.0,20170707.0,,20170708.0
20170707.0,20170707.0,,20170708.0
20170707.0,20170707.0,,20170712.0
20170708.0,20170708.0,,20170712.0
20170707.0,20170707.0,,20170712.0
20170706.0,20170706.0,,20170709.0
20170706.0,20170706.0,,20170709.0
20170706.0,20170706.0,,20170709.0
20170706.0,20170706.0,,20170708.0
20170706.0,20170706.0,,20170708.0
20170706.0,20170706.0,,20170708.0
20170706.0,20170706.0,,20170708.0
20170706.0,20170706.0,,20170708.0
20170706.0,20170706.0,,20170708.0
20170708.0,20170708.0,,20170708.0
20170708.0,20170708.0,,20170708.0
20170708.0,20170708.0,,20170708.0
20170708.0,20170708.0,,20170708.0
20170708.0,20170708.0,,20170708.0
20170708.0,20170708.0,,20170708.0
20170708.0,20170708.0,,20170708.0
20170708.0,20170708.0,,20170708.0
20170707.0,20170707.0,,20170709.0
20170707.0,20170707.0,,20170709.0
20170707.0,20170707.0,,20170709.0
20170707.0,20170707.0,,20170709.0
20170707.0,20170707.0,,20170709.0
20170707.0,20170707.0,,20170709.0
20170706.0,20170706.0,,20170709.0
20170706.0,20170706.0,,20170709.0
20170706.0,20170706.0,,20170709.0
20170706.0,20170706.0,,20170709.0
20170706.0,20170706.0,,20170709.0
20170706.0,20170706.0,,20170709.0
20170708.0,20170708.0,,20170709.0
20170708.0,20170708.0,,20170709.0
20170708.0,20170708.0,,20170709.0
20170708.0,20170708.0,,20170709.0
20170708.0,20170708.0,,20170709.0
20170708.0,20170708.0,,20170709.0
20170707.0,20170707.0,,20170709.0
20170707.0,20170707.0,,20170709.0
20170707.0,20170707.0,,20170709.0
20170707.0,20170707.0,,20170709.0
20170707.0,20170707.0,,20170709.0
20170707.0,20170707.0,,20170709.0
20170708.0,20170708.0,,20170711.0
20170708.0,20170708.0,,20170711.0
20170708.0,20170708.0,,20170711.0
20170708.0,20170708.0,,20170709.0
20170708.0,20170708.0,,20170709.0
20170708.0,20170708.0,,20170709.0
20170708.0,20170708.0,,20170709.0
20170708.0,20170708.0,,20170709.0
20170708.0,20170708.0,,20170709.0
20170708.0,20170708.0,,20170709.0
20170708.0,20170708.0,,20170709.0
20170708.0,20170708.0,,20170709.0
20170708.0,20170708.0,,20170709.0
20170708.0,20170708.0,,20170709.0
20170708.0,20170708.0,,20170709.0
20170708.0,20170708.0,,20170709.0
20170708.0,20170708.0,,20170709.0
20170708.0,20170708.0,,20170709.0
20170708.0,20170708.0,,20170711.0
20170708.0,20170708.0,,20170711.0
20170709.0,20170709.0,,20170710.0
20170712.0,20170712.0,,20170724.0
20170712.0,20170712.0,,20170724.0
20170712.0,20170712.0,,20170724.0
20170712.0,20170712.0,,20170724.0
20170712.0,20170712.0,,20170724.0
20170712.0,20170712.0,,20170724.0
20170709.0,20170709.0,,20170711.0
20170709.0,20170709.0,,20170711.0
20170709.0,20170709.0,,20170711.0
20170709.0,20170709.0,,20170711.0
20170709.0,20170709.0,,20170711.0
20170709.0,20170709.0,,20170711.0
20170709.0,20170709.0,,20170711.0
20170709.0,20170709.0,,20170711.0
20170709.0,20170709.0,,20170711.0
20170710.0,20170710.0,,20170713.0
20170710.0,20170710.0,,20170713.0
20170710.0,20170710.0,,20170713.0
20170710.0,20170710.0,,20170713.0
20170712.0,20170712.0,,20170714.0
20170712.0,20170712.0,,20170714.0
20170712.0,20170712.0,,20170714.0
20170709.0,20170709.0,,20170710.0
20170709.0,20170709.0,,20170710.0
20170709.0,20170709.0,,20170710.0
20170709.0,20170709.0,,20170710.0
20170709.0,20170709.0,,20170710.0
20170709.0,20170709.0,,20170710.0
