220X75,310X56
20170709,20170710
20170709,20170710
20170709,20170710
20170710,20170714
20170710,20170714
20170710,20170714
20170709,20170710
20170709,20170710
20170709,20170710
20170709,20170710
20170709,20170710
20170709,20170710
20170709,20170710
20170710,20170719
20170710,20170719
20170710,20170719
20170710,20170713
20170710,20170713
20170710,20170713
20170710,20170713
20170710,20170713
20170710,20170713
20170710,20170713
20170712,20170713
20170712,20170713
20170712,20170713
20170712,20170713
20170712,20170713
20170712,20170713
20170716,20170722
20170716,20170722
20170716,20170722
20170716,20170722
20170716,20170722
20170716,20170722
20170716,20170722
20170716,20170722
20170712,20170713
20170712,20170713
20170710,20170713
20170710,20170713
20170710,20170713
20170710,20170713
20170712,20170714
20170712,20170714
20170712,20170714
20170712,20170714
20170712,20170714
20170710,20170713
20170710,20170713
20170601,20170603
20170601,20170603
20170601,20170603
20170601,20170603
20170601,20170603
20170601,20170603
20170601,20170603
20170601,20170603
20170601,20170603
20170601,20170603
20170530,20170531
20170530,20170531
20170530,20170531
20170530,20170531
20170530,20170531
20170530,20170531
20170530,20170531
20170530,20170531
20170530,20170531
20170530,20170601
20170530,20170601
20170530,20170601
20170530,20170601
20170530,20170601
20170530,20170601
20170530,20170601
20170530,20170601
20170530,20170601
20170601,20170602
20170601,20170602
20170601,20170602
20170601,20170602
20170601,20170602
20170530,20170530
20170530,20170530
20170530,20170530
20170530,20170531
20170530,20170531
20170530,20170531
20170530,20170531
20170530,20170531
20170530,20170531
20170530,20170531
20170530,20170531
20170530,20170531
20170530,20170531
20170530,20170531
20170530,20170531
20170530,20170531
20170530,20170531
20170530,20170531
20170530,20170531
20170530,20170531
20170530,20170531
20170530,20170531
20170530,20170531
20170530,20170531
20170530,20170531
20170530,20170531
20170530,20170531
20170530,20170531
20170530,20170531
20170530,20170531
20170530,20170531
20170530,20170602
20170530,20170602
20170530,20170602
20170531,20170601
20170531,20170602
20170531,20170602
20170531,20170602
20170531,20170602
20170531,20170602
20170529,20170531
20170531,20170602
20170531,20170602
20170531,20170602
20170531,20170602
20170531,20170603
20170531,20170603
20170531,20170603
20170531,20170603
20170531,20170603
20170531,20170603
20170531,20170601
20170530,20170601
20170530,20170601
20170530,20170601
20170530,20170601
20170601,20170603
20170601,20170603
20170601,20170603
20170601,20170603
20170601,20170603
20170601,20170603
20170602,20170603
20170602,20170603
20170602,20170603
20170602,20170603
20170601,20170603
20170601,20170603
20170601,20170603
20170601,20170603
20170531,20170603
20170531,20170603
20170531,20170603
20170531,20170602
20170531,20170602
20170531,20170602
20170603,20170605
20170603,20170605
20170603,20170605
20170603,20170605
20170603,20170604
20170603,20170604
20170603,20170604
20170603,20170604
20170603,20170604
20170603,20170604
20170603,20170603
20170603,20170603
20170603,20170603
20170603,20170603
20170603,20170603
20170602,20170603
20170602,20170603
20170603,20170603
20170603,20170603
20170603,20170603
20170609,20170610
20170609,20170610
20170603,20170604
20170603,20170604
20170603,20170604
20170603,20170604
20170606,20170609
20170606,20170609
20170606,20170609
20170606,20170609
20170606,20170609
20170606,20170609
20170602,20170604
20170602,20170604
20170604,20170606
20170604,20170606
20170604,20170606
20170603,20170604
20170603,20170604
20170603,20170604
20170603,20170604
20170603,20170604
20170603,20170604
20170603,20170604
20170603,20170604
20170603,20170604
20170603,20170605
20170603,20170605
20170603,20170605
20170603,20170605
20170603,20170605
20170603,20170605
20170603,20170605
20170603,20170605
20170603,20170605
20170603,20170605
20170603,20170605
20170603,20170605
20170603,20170605
20170603,20170605
20170603,20170605
20170603,20170605
20170603,20170605
20170603,20170605
20170603,20170605
20170603,20170604
20170603,20170604
20170603,20170604
20170603,20170604
20170603,20170604
20170603,20170604
20170603,20170604
20170605,20170606
20170605,20170606
20170605,20170606
20170605,20170606
20170605,20170606
20170605,20170606
20170605,20170606
20170605,20170606
20170605,20170606
20170603,20170605
20170603,20170605
20170604,20170605
20170604,20170605
20170604,20170605
20170603,20170605
20170603,20170605
20170603,20170605
20170603,20170605
20170603,20170605
20170603,20170605
20170603,20170605
20170603,20170605
20170604,20170605
20170604,20170605
20170604,20170605
20170604,20170606
20170605,20170611
20170607,20170608
20170607,20170608
20170607,20170608
20170607,20170608
20170607,20170608
20170607,20170608
20170604,20170608
20170604,20170608
20170609,20170611
20170609,20170611
20170605,20170606
20170605,20170606
20170605,20170606
20170605,20170606
20170605,20170606
20170605,20170606
20170605,20170606
20170605,20170606
20170604,20170608
20170604,20170608
20170604,20170608
20170604,20170608
20170604,20170608
20170604,20170608
20170604,20170608
20170604,20170608
20170604,20170608
20170604,20170608
20170607,20170608
20170607,20170608
20170607,20170608
20170607,20170608
20170607,20170608
20170607,20170608
20170604,20170607
20170604,20170607
20170604,20170607
20170604,20170607
20170604,20170607
20170604,20170607
20170604,20170607
20170604,20170607
